{"cameraMode":{"drawMode":0,"name":"Shaded","section":"Shading Mode"},"sceneLighting":false,"audioPlay":false,"sceneViewState":{"showFog":true,"showMaterialUpdate":false,"showSkybox":false,"showFlares":true,"showImageEffects":true,"showParticleSystems":true},"in2DMode":false,"pivot":{"x":0.000007152557373046875,"y":0.7500007152557373,"z":-19.628284454345704},"rotation":{"x":0.044568926095962527,"y":0.8754335641860962,"z":-0.4742758870124817,"w":0.08220048993825913},"size":15.352655410766602,"orthographic":false}