{"cameraMode":{"drawMode":0,"name":"Shaded","section":"Shading Mode"},"sceneLighting":false,"audioPlay":false,"sceneViewState":{"showFog":true,"showMaterialUpdate":false,"showSkybox":true,"showFlares":true,"showImageEffects":true,"showParticleSystems":true},"in2DMode":false,"pivot":{"x":-12.236991882324219,"y":4.530181884765625,"z":-15.860107421875},"rotation":{"x":-0.2460150569677353,"y":0.4563881456851959,"z":-0.13315147161483766,"w":-0.8447490930557251},"size":31.425369262695314,"orthographic":false}