{"cameraMode":{"drawMode":0,"name":"Shaded","section":"Shading Mode"},"sceneLighting":false,"audioPlay":false,"sceneViewState":{"showFog":true,"showMaterialUpdate":false,"showSkybox":true,"showFlares":true,"showImageEffects":true,"showParticleSystems":true},"in2DMode":false,"pivot":{"x":-14.726455688476563,"y":-13.401443481445313,"z":47.49561309814453},"rotation":{"x":0.06715090572834015,"y":0.9196908473968506,"z":-0.3429833650588989,"w":0.17941951751708985},"size":47.71527099609375,"orthographic":false}