{"cameraMode":{"drawMode":0,"name":"Shaded","section":"Shading Mode"},"sceneLighting":false,"audioPlay":false,"sceneViewState":{"showFog":true,"showMaterialUpdate":false,"showSkybox":true,"showFlares":true,"showImageEffects":true,"showParticleSystems":true},"in2DMode":false,"pivot":{"x":16.952289581298829,"y":17.044048309326173,"z":5.8658447265625},"rotation":{"x":0.23400017619132996,"y":0.13418367505073548,"z":-0.03258022665977478,"w":0.9624359011650086},"size":45.5455322265625,"orthographic":false}