{"cameraMode":{"drawMode":0,"name":"Shaded","section":"Shading Mode"},"sceneLighting":false,"audioPlay":false,"sceneViewState":{"showFog":true,"showMaterialUpdate":false,"showSkybox":true,"showFlares":true,"showImageEffects":true,"showParticleSystems":true},"in2DMode":false,"pivot":{"x":-1.9136734008789063,"y":14.163200378417969,"z":4.053916931152344},"rotation":{"x":0.2559823989868164,"y":-0.3648994565010071,"z":0.10547751933336258,"w":0.8890305757522583},"size":37.55663299560547,"orthographic":false}