{"cameraMode":{"drawMode":0,"name":"Shaded","section":"Shading Mode"},"sceneLighting":false,"audioPlay":false,"sceneViewState":{"showFog":true,"showMaterialUpdate":false,"showSkybox":true,"showFlares":true,"showImageEffects":true,"showParticleSystems":true},"in2DMode":false,"pivot":{"x":-1.7499998807907105,"y":1.3299967050552369,"z":-5.340000152587891},"rotation":{"x":-0.18529196083545686,"y":0.20218370854854585,"z":-0.03903648257255554,"w":-0.9609249830245972},"size":2.70849871635437,"orthographic":false}