{"cameraMode":{"drawMode":0,"name":"Shaded","section":"Shading Mode"},"sceneLighting":false,"audioPlay":false,"sceneViewState":{"showFog":true,"showMaterialUpdate":false,"showSkybox":true,"showFlares":true,"showImageEffects":true,"showParticleSystems":true},"in2DMode":false,"pivot":{"x":9.52978515625,"y":21.40875244140625,"z":-7.416248798370361},"rotation":{"x":0.2938777506351471,"y":-0.5108336806297302,"z":0.1917514055967331,"w":0.784918487071991},"size":9.488565444946289,"orthographic":false}