{"cameraMode":{"drawMode":0,"name":"Shaded","section":"Shading Mode"},"sceneLighting":false,"audioPlay":false,"sceneViewState":{"showFog":true,"showMaterialUpdate":false,"showSkybox":false,"showFlares":true,"showImageEffects":true,"showParticleSystems":true},"in2DMode":false,"pivot":{"x":-1.0230002403259278,"y":0.5000008344650269,"z":5.583339691162109},"rotation":{"x":-0.3551713228225708,"y":0.6444382667541504,"z":-0.49248093366622927,"w":-0.46484509110450747},"size":8.247132301330567,"orthographic":false}