{"cameraMode":{"drawMode":0,"name":"Shaded","section":"Shading Mode"},"sceneLighting":false,"audioPlay":false,"sceneViewState":{"showFog":true,"showMaterialUpdate":false,"showSkybox":true,"showFlares":true,"showImageEffects":true,"showParticleSystems":true},"in2DMode":false,"pivot":{"x":-15.76699447631836,"y":57.051300048828128,"z":-41.997169494628909},"rotation":{"x":-0.4026981294155121,"y":0.1609407663345337,"z":-0.07240664213895798,"w":-0.89823317527771},"size":88.04957580566406,"orthographic":false}